investor_id,mismatch_direction,actual_tolerance,age,gender,is_married,occupation,education,annual_income,debt_level,account_size,monthly_spending,has_short_term_cash_need,is_qualified_investor,financial_literacy,self_risk_level,stated_horizon,stated_max_loss,investment_experience_years
INV0001,accurate,3,64,M,True,creative,bachelor,69957,high,184787,4001,False,True,medium,3,1-3y,15,2
INV0002,underestimate,3,26,M,True,tech,master,119489,none,308420,4087,False,False,high,1,<6m,0,3
INV0003,accurate,5,42,F,True,education,bachelor,67845,low,64060,3991,False,False,low,5,3-5y,15,2
INV0004,underestimate,5,62,M,True,other,phd,81503,low,123134,3612,False,False,low,3,6m-1y,15,10
INV0005,underestimate,2,41,F,False,creative,master,88190,low,127914,3675,False,False,medium,1,1-3y,0,10
INV0006,overestimate,2,51,M,True,service,bachelor,40484,high,24299,2097,True,False,medium,4,5y+,15,11
INV0007,overestimate,4,26,M,False,service,phd,64680,none,26983,4398,False,False,medium,5,3-5y,30,3
INV0008,underestimate,3,25,M,False,retired,bachelor,38852,none,31389,1970,False,False,low,2,6m-1y,3,1
INV0009,underestimate,4,28,M,False,healthcare,bachelor,94469,none,251947,5103,True,False,high,3,1-3y,15,5
INV0010,overestimate,2,37,M,True,retired,master,59143,high,106437,3676,False,False,medium,3,6m-1y,15,9
INV0011,underestimate,4,32,M,True,business_owner,master,111604,high,325161,4090,False,True,low,2,6m-1y,3,10
INV0012,underestimate,5,36,M,False,education,bachelor,65550,none,129765,4304,False,False,medium,3,6m-1y,10,3
INV0013,overestimate,1,34,M,True,government,bachelor,74674,none,162830,3641,False,True,medium,3,1-3y,10,1
INV0014,underestimate,5,61,M,True,education,high_school,40062,high,67363,1571,False,False,low,3,6m-1y,10,0
INV0015,accurate,3,38,F,True,education,master,89203,low,154919,3331,False,True,low,3,6m-1y,5,14
INV0016,overestimate,2,34,M,True,government,bachelor,70986,high,128193,3927,False,False,low,4,3-5y,10,9
INV0017,overestimate,4,28,M,True,finance,bachelor,84235,high,43518,4464,False,False,high,5,5y+,30,3
INV0018,underestimate,2,49,M,True,service,bachelor,51359,high,43073,3129,False,False,medium,1,<6m,0,0
INV0019,accurate,4,26,F,False,service,bachelor,45630,low,87072,2327,False,False,low,4,5y+,10,4
INV0020,overestimate,4,63,F,True,service,master,61113,high,154484,2464,True,True,medium,5,5y+,30,13
INV0021,overestimate,1,40,M,False,healthcare,bachelor,93992,low,57863,6445,False,False,medium,3,1-3y,15,7
INV0022,overestimate,4,53,M,True,creative,bachelor,64752,none,113218,3078,False,False,medium,5,1-3y,20,3
INV0023,accurate,2,31,M,True,other,bachelor,50021,low,142943,1955,False,False,low,2,6m-1y,3,9
INV0024,accurate,5,45,F,True,tech,high_school,65613,high,181016,2489,True,False,medium,5,5y+,20,3
INV0025,underestimate,4,54,M,True,healthcare,bachelor,94494,low,116867,5763,False,False,low,3,1-3y,10,10
INV0026,overestimate,2,30,M,True,other,bachelor,53932,high,94094,2170,False,False,medium,4,3-5y,20,8
INV0027,overestimate,1,33,F,True,business_owner,bachelor,94365,high,54547,4328,True,False,medium,3,1-3y,15,2
INV0028,accurate,4,30,M,False,tech,high_school,92396,none,190558,3905,True,False,high,4,5y+,15,8
INV0029,underestimate,3,44,F,False,tech,master,160369,low,442407,9102,False,True,high,1,6m-1y,3,2
INV0030,accurate,3,28,F,True,retired,master,46073,none,47244,2471,False,False,low,3,1-3y,10,6
INV0031,overestimate,2,41,F,True,tech,bachelor,115360,high,67804,4451,False,False,high,4,3-5y,15,14
INV0032,accurate,5,25,M,False,tech,bachelor,101494,none,109560,4736,False,False,high,5,3-5y,20,3
INV0033,overestimate,3,29,F,False,other,high_school,38908,none,47850,1809,False,False,medium,4,5y+,15,7
INV0034,underestimate,4,26,F,True,other,bachelor,44628,none,118574,2713,False,False,medium,2,1-3y,5,4
INV0035,underestimate,5,43,F,True,business_owner,bachelor,77423,high,63488,2915,False,False,medium,3,1-3y,10,12
INV0036,accurate,2,26,F,False,creative,high_school,36869,none,89774,1669,False,False,medium,2,<6m,3,4
INV0037,overestimate,2,54,F,True,service,bachelor,41597,low,110603,2921,False,False,low,4,1-3y,20,8
INV0038,underestimate,4,32,F,True,tech,bachelor,94844,high,232801,4082,False,True,high,2,<6m,3,10
INV0039,accurate,3,40,M,True,finance,high_school,79121,low,36093,5512,False,False,high,3,6m-1y,15,2
INV0040,underestimate,5,44,F,True,retired,master,46806,low,48537,2396,True,False,high,3,1-3y,10,1
INV0041,overestimate,2,39,M,True,creative,high_school,47185,low,75381,2621,False,False,medium,4,5y+,10,7
INV0042,underestimate,4,34,M,False,tech,master,127929,low,370424,6497,False,False,medium,3,1-3y,5,10
INV0043,overestimate,4,42,M,True,tech,master,123584,low,43224,6122,False,False,high,5,5y+,15,11
INV0044,underestimate,4,43,M,True,tech,master,184004,high,427636,7031,False,False,high,2,<6m,3,10
INV0045,underestimate,4,58,M,False,education,master,84828,none,55528,5588,False,False,medium,3,1-3y,15,7
INV0046,underestimate,3,31,M,True,creative,bachelor,67769,low,197487,2730,False,True,medium,2,6m-1y,10,9
INV0047,underestimate,4,22,F,False,finance,bachelor,86713,none,178550,3950,False,False,medium,2,<6m,10,0
INV0048,underestimate,2,62,F,True,tech,high_school,83579,none,133923,3445,False,False,low,1,<6m,0,7
INV0049,overestimate,1,42,F,False,finance,high_school,56676,low,125111,1956,False,False,high,3,3-5y,10,6
INV0050,underestimate,3,42,F,True,business_owner,high_school,55565,low,125411,3088,False,False,high,1,<6m,0,8
INV0051,underestimate,4,49,M,False,other,master,58485,low,28946,2016,False,False,low,3,3-5y,15,11
INV0052,underestimate,4,40,F,True,healthcare,bachelor,82414,high,170475,5813,False,False,medium,2,<6m,10,2
INV0053,underestimate,4,29,F,True,finance,master,126297,low,160388,7018,True,False,high,3,1-3y,5,7
INV0054,overestimate,2,38,M,True,creative,high_school,39451,low,112876,1688,False,False,low,4,3-5y,20,11
INV0055,underestimate,3,27,M,True,business_owner,phd,110655,none,168299,7563,False,True,medium,2,6m-1y,5,5
INV0056,underestimate,4,40,M,True,tech,high_school,67126,high,152968,2646,True,True,medium,3,1-3y,10,12
INV0057,underestimate,3,59,F,True,other,master,73986,low,153816,3558,False,False,low,2,1-3y,10,11
INV0058,underestimate,3,45,F,False,healthcare,phd,139381,none,368806,6609,False,True,low,2,6m-1y,5,4
INV0059,accurate,1,26,F,False,government,bachelor,64343,low,109480,3300,True,False,low,1,6m-1y,0,4
INV0060,underestimate,3,49,M,False,healthcare,master,81474,high,168461,3877,True,False,low,2,<6m,10,2
INV0061,overestimate,3,49,M,True,tech,high_school,87823,none,150874,5262,True,True,high,4,5y+,10,9
INV0062,accurate,4,40,F,True,government,high_school,44607,high,106113,2418,False,False,low,4,3-5y,15,3
INV0063,accurate,1,29,F,False,finance,high_school,53985,low,104685,2906,True,False,high,1,<6m,0,7
INV0064,overestimate,3,49,M,True,service,bachelor,38744,high,92446,1676,False,False,low,4,3-5y,20,3
INV0065,underestimate,3,41,F,True,business_owner,bachelor,86985,high,259578,5058,False,True,low,2,1-3y,10,13
INV0066,underestimate,4,55,M,True,other,bachelor,49563,none,145231,1689,False,False,medium,3,1-3y,5,7
INV0067,overestimate,4,48,M,True,education,bachelor,46410,high,83318,2078,False,False,high,5,5y+,20,6
INV0068,underestimate,5,41,F,True,business_owner,master,101864,low,255738,4627,True,False,low,3,3-5y,15,2
INV0069,accurate,1,52,M,True,healthcare,high_school,51647,none,19093,1983,False,False,high,1,6m-1y,5,11
INV0070,overestimate,2,24,F,False,healthcare,bachelor,67191,none,108071,4140,False,False,high,3,6m-1y,10,2
INV0071,accurate,3,70,F,True,education,bachelor,58493,low,38191,3894,False,False,medium,3,1-3y,15,12
INV0072,accurate,3,37,F,True,creative,high_school,42714,low,109032,2431,True,False,high,3,6m-1y,15,4
INV0073,accurate,4,28,M,False,business_owner,bachelor,89751,none,217156,5994,False,True,high,4,1-3y,20,6
INV0074,accurate,1,39,M,True,finance,master,126625,high,74122,8913,False,False,low,1,6m-1y,0,7
INV0075,accurate,1,34,M,True,service,master,46415,none,26255,2696,False,False,low,1,1-3y,0,9
INV0076,accurate,5,27,F,False,government,bachelor,53363,high,131087,2364,False,False,medium,5,3-5y,20,5
INV0077,accurate,4,27,M,False,healthcare,high_school,49187,high,104529,2554,True,False,low,4,5y+,20,4
INV0078,underestimate,3,57,F,True,creative,high_school,41291,high,116892,1443,True,False,medium,1,6m-1y,0,12
INV0079,overestimate,4,44,M,True,tech,bachelor,136242,low,100041,7392,False,False,high,5,3-5y,20,11
INV0080,overestimate,4,29,M,False,business_owner,high_school,74371,none,172055,3043,False,False,high,5,3-5y,15,7
INV0081,underestimate,2,28,F,True,finance,high_school,58748,none,79117,2844,False,False,high,1,6m-1y,3,6
INV0082,underestimate,2,56,M,True,tech,bachelor,131169,high,318643,6916,False,False,high,1,<6m,5,6
INV0083,overestimate,1,45,M,True,creative,phd,96822,high,277476,3964,False,True,low,3,6m-1y,15,2
INV0084,underestimate,2,59,F,True,service,bachelor,41659,none,21563,2525,False,False,high,1,<6m,0,0
INV0085,accurate,3,32,M,True,education,bachelor,65645,high,85486,3243,False,False,low,3,6m-1y,5,5
INV0086,underestimate,4,34,F,True,creative,phd,89106,high,39304,4369,False,False,medium,3,3-5y,10,8
INV0087,underestimate,3,29,M,False,healthcare,high_school,59948,none,176690,2509,False,True,medium,2,6m-1y,3,6
INV0088,overestimate,2,38,M,True,business_owner,high_school,66543,high,102472,2347,False,False,high,4,5y+,10,6
INV0089,accurate,4,65,F,True,business_owner,bachelor,76236,low,81005,3658,False,False,medium,4,3-5y,15,6
INV0090,accurate,2,54,F,True,service,bachelor,50301,low,36542,2989,False,False,medium,2,1-3y,5,6
INV0091,overestimate,3,50,F,True,service,phd,73706,none,169322,3340,False,False,medium,4,5y+,15,4
INV0092,overestimate,3,49,F,True,service,high_school,34414,high,60573,2063,False,False,high,4,1-3y,10,10
INV0093,accurate,5,26,F,False,other,master,58215,low,85917,3200,False,False,medium,5,3-5y,15,4
INV0094,accurate,2,29,F,True,service,bachelor,44857,high,75546,2008,True,False,high,2,6m-1y,3,2
INV0095,overestimate,3,45,F,True,finance,bachelor,94026,low,125087,3588,False,False,medium,4,5y+,10,14
INV0096,accurate,1,51,F,True,other,master,61904,high,65624,4089,True,False,low,1,<6m,0,5
INV0097,underestimate,2,31,F,False,tech,master,177124,none,215931,12473,False,True,high,1,1-3y,5,9
INV0098,underestimate,2,27,M,False,creative,master,88623,none,150402,4384,False,False,low,1,<6m,5,5
INV0099,overestimate,3,28,M,False,other,bachelor,46789,none,138325,2031,False,False,low,4,1-3y,15,5
INV0100,underestimate,3,30,F,True,finance,bachelor,76261,none,67985,2647,True,False,high,2,<6m,3,8
INV0101,accurate,3,41,F,True,tech,master,117607,low,330411,4648,False,True,high,3,1-3y,15,7
INV0102,overestimate,4,45,M,True,tech,bachelor,125762,none,168063,6343,False,False,high,5,3-5y,30,11
INV0103,underestimate,3,43,M,True,tech,high_school,68216,low,156941,3629,False,True,low,2,6m-1y,3,1
INV0104,accurate,3,50,F,False,creative,bachelor,62506,none,70447,3932,False,False,medium,3,1-3y,15,1
INV0105,accurate,2,25,M,False,business_owner,high_school,70740,none,166744,4869,False,True,medium,2,<6m,5,1
INV0106,underestimate,4,30,F,True,creative,high_school,40147,none,66833,2789,False,False,low,3,1-3y,10,8
INV0107,accurate,2,35,M,True,healthcare,phd,120677,none,233940,4708,True,True,medium,2,6m-1y,10,5
INV0108,accurate,4,32,M,True,education,bachelor,70576,low,87348,3888,True,False,low,4,1-3y,15,2
INV0109,accurate,1,38,F,True,retired,master,57032,none,108425,3182,False,False,high,1,6m-1y,0,14
INV0110,underestimate,4,28,M,False,business_owner,master,128040,none,137209,5243,False,False,medium,3,3-5y,10,6
INV0111,underestimate,4,54,M,False,tech,high_school,86247,none,81851,3883,False,False,high,2,<6m,5,4
INV0112,overestimate,2,33,M,False,education,bachelor,70329,none,210573,4129,False,False,low,4,1-3y,20,6
INV0113,accurate,1,48,M,True,creative,bachelor,62903,none,70864,3392,False,False,high,1,1-3y,3,12
INV0114,underestimate,4,48,M,True,healthcare,bachelor,68714,low,169682,4684,False,True,medium,3,6m-1y,10,12
INV0115,overestimate,3,49,F,True,service,bachelor,44741,low,69373,1885,False,False,medium,4,5y+,10,14
INV0116,accurate,1,25,F,False,tech,bachelor,90576,none,200067,3232,False,False,high,1,1-3y,5,3
INV0117,accurate,1,62,F,True,healthcare,phd,127976,none,53006,6975,False,False,medium,1,<6m,3,8
INV0118,accurate,3,48,M,True,service,bachelor,32963,low,95044,1717,False,False,low,3,3-5y,5,14
INV0119,underestimate,3,49,M,False,service,bachelor,47924,low,19027,2306,False,False,medium,1,<6m,3,3
INV0120,underestimate,3,25,M,False,education,master,57725,none,69895,1966,True,False,low,2,1-3y,10,3
INV0121,accurate,1,52,M,True,finance,high_school,81699,low,41359,3895,False,False,medium,1,<6m,3,4
INV0122,underestimate,4,33,F,False,service,high_school,34979,low,84194,1766,False,False,high,2,6m-1y,3,3
INV0123,accurate,1,31,M,False,government,bachelor,77250,none,174522,4370,False,True,medium,1,1-3y,3,9
INV0124,underestimate,3,63,M,True,retired,master,37815,none,12145,2155,False,False,medium,1,<6m,5,5
INV0125,accurate,5,41,M,True,business_owner,master,121758,high,258217,4684,False,True,low,5,1-3y,20,14
INV0126,accurate,5,32,M,False,tech,bachelor,141964,none,346393,9565,False,True,high,5,3-5y,20,4
INV0127,overestimate,2,53,F,True,retired,bachelor,42619,high,56165,2302,False,False,low,4,5y+,15,4
INV0128,accurate,2,27,M,True,other,phd,61684,low,80414,2963,False,False,low,2,<6m,10,2
INV0129,underestimate,4,57,F,False,other,high_school,42696,low,39172,2954,True,False,low,3,1-3y,15,7
INV0130,accurate,1,61,F,False,healthcare,master,101221,none,86304,5617,True,False,medium,1,6m-1y,0,2
INV0131,underestimate,3,56,M,True,service,bachelor,48495,low,75210,1699,False,False,low,1,<6m,0,12
INV0132,underestimate,4,33,M,True,tech,master,183529,low,383617,11223,False,False,high,3,6m-1y,15,1
INV0133,overestimate,2,52,M,True,healthcare,bachelor,88268,none,90594,4655,False,False,medium,4,3-5y,20,9
INV0134,accurate,2,67,M,True,finance,high_school,79916,none,50973,5212,False,False,high,2,<6m,10,1
INV0135,underestimate,4,42,F,True,healthcare,high_school,62637,high,83793,2147,False,False,high,2,<6m,5,7
INV0136,underestimate,5,37,M,True,tech,phd,190938,high,174166,12660,False,True,medium,3,3-5y,10,11
INV0137,underestimate,3,23,F,True,business_owner,bachelor,85804,none,169676,3934,False,False,low,2,<6m,3,1
INV0138,underestimate,3,53,F,True,service,master,57228,high,67425,3927,False,False,low,2,1-3y,5,7
INV0139,underestimate,2,34,M,True,finance,bachelor,88755,low,184010,6182,False,False,high,1,6m-1y,0,12
INV0140,accurate,5,35,F,True,creative,bachelor,58458,low,17855,2330,True,False,low,5,5y+,30,8
INV0141,underestimate,3,36,M,True,education,bachelor,70333,low,180577,2841,False,True,medium,2,1-3y,10,0
INV0142,accurate,1,37,F,True,business_owner,master,134600,low,278054,8617,True,True,medium,1,<6m,5,14
INV0143,overestimate,3,43,M,True,retired,bachelor,36636,low,88815,1767,False,False,medium,4,3-5y,10,6
INV0144,underestimate,3,61,F,True,healthcare,bachelor,69314,high,100818,3460,False,False,high,2,6m-1y,3,4
INV0145,accurate,4,25,M,False,creative,high_school,38668,high,23281,2037,False,False,medium,4,5y+,15,3
INV0146,accurate,2,40,M,True,education,master,85417,low,236368,5899,False,False,low,2,<6m,3,9
INV0147,underestimate,2,54,F,True,healthcare,bachelor,60496,low,93152,2949,False,False,low,1,<6m,3,3
INV0148,accurate,2,24,M,False,finance,bachelor,81003,none,137859,4546,True,False,medium,2,<6m,5,2
INV0149,accurate,5,59,F,True,service,bachelor,38551,low,71458,1317,False,False,medium,5,3-5y,30,0
INV0150,overestimate,2,52,F,True,government,master,96044,low,258471,4000,False,True,medium,4,5y+,20,5
INV0151,underestimate,3,29,F,False,healthcare,high_school,52180,low,142701,2137,True,False,medium,1,1-3y,3,5
INV0152,underestimate,3,31,F,True,healthcare,high_school,61142,low,134996,2896,False,False,medium,2,<6m,5,9
INV0153,underestimate,3,41,M,True,government,master,99361,high,168776,3834,False,True,medium,2,<6m,3,12
INV0154,underestimate,4,58,M,True,education,bachelor,63601,low,120139,2562,False,False,medium,3,6m-1y,10,1
INV0155,overestimate,4,54,M,True,education,phd,92250,low,94803,3735,False,False,medium,5,5y+,30,12
INV0156,accurate,4,51,M,True,healthcare,bachelor,75571,high,190868,4304,False,True,high,4,3-5y,20,8
INV0157,underestimate,5,42,M,True,other,bachelor,58704,high,153608,4152,True,False,low,3,3-5y,5,12
INV0158,accurate,5,23,F,False,education,high_school,40648,none,115184,1987,False,False,medium,5,5y+,20,1
INV0159,overestimate,4,63,F,True,business_owner,bachelor,116803,high,239875,7416,False,True,high,5,5y+,20,10
INV0160,underestimate,3,68,M,True,service,master,52359,low,21693,2883,False,False,low,1,6m-1y,3,13
INV0161,underestimate,5,39,M,True,government,bachelor,81942,low,155744,3822,True,False,low,3,6m-1y,10,7
INV0162,accurate,1,35,F,False,tech,bachelor,99892,low,192612,5648,False,True,medium,1,1-3y,5,13
INV0163,overestimate,2,26,M,False,healthcare,bachelor,63786,none,44499,4453,False,False,low,3,6m-1y,5,4
INV0164,underestimate,4,34,M,False,finance,master,146767,none,435042,6385,True,True,high,3,1-3y,10,10
INV0165,overestimate,2,26,M,False,service,high_school,28260,none,63797,1550,False,False,medium,3,6m-1y,15,4
INV0166,overestimate,3,39,F,True,creative,master,61383,high,38838,3654,False,False,high,5,3-5y,30,13
INV0167,underestimate,3,64,F,True,tech,master,126219,high,205114,6131,False,True,high,2,<6m,5,5
INV0168,underestimate,3,54,M,True,finance,bachelor,117518,low,118783,3920,False,False,low,2,<6m,3,1
INV0169,overestimate,3,65,F,False,service,bachelor,32128,low,70576,1812,False,False,medium,5,3-5y,20,14
INV0170,underestimate,3,40,F,False,business_owner,bachelor,74260,none,132786,3695,False,False,high,2,<6m,10,0
INV0171,underestimate,3,48,F,True,tech,bachelor,123833,low,223200,8105,False,True,low,1,6m-1y,3,5
INV0172,underestimate,4,46,F,True,government,master,81016,high,231489,5388,False,False,low,2,6m-1y,5,10
INV0173,overestimate,3,33,F,True,other,bachelor,64621,high,98391,2635,True,False,low,4,5y+,15,11
INV0174,underestimate,4,51,F,True,other,master,76604,none,24403,3163,False,False,medium,3,3-5y,5,9
INV0175,underestimate,2,64,F,False,service,high_school,29201,none,62543,2013,True,False,medium,1,6m-1y,5,14
INV0176,underestimate,3,55,F,True,retired,bachelor,33718,none,85363,2136,True,False,low,2,6m-1y,10,12
INV0177,accurate,2,58,M,False,service,master,56192,none,81117,3545,True,False,medium,2,<6m,5,9
INV0178,underestimate,4,31,F,True,service,master,54011,low,69075,3432,False,False,low,3,3-5y,5,9
INV0179,underestimate,4,53,M,True,tech,master,119874,low,230702,8208,False,False,high,3,3-5y,5,10
INV0180,accurate,3,46,M,True,business_owner,bachelor,109513,high,213763,5184,False,False,medium,3,1-3y,5,3
INV0181,overestimate,3,25,M,False,retired,bachelor,32049,none,72911,2219,True,False,low,4,3-5y,10,3
INV0182,underestimate,3,36,M,False,creative,high_school,48956,none,28911,3042,False,False,high,2,<6m,5,9
INV0183,overestimate,4,68,F,True,creative,bachelor,62455,high,178386,3019,False,False,high,5,3-5y,30,10
INV0184,accurate,1,37,M,False,service,high_school,30315,none,74346,1833,False,False,low,1,6m-1y,3,13
INV0185,overestimate,3,68,M,True,retired,phd,53015,none,21543,2908,False,False,medium,5,3-5y,15,4
INV0186,underestimate,3,26,M,False,service,high_school,29584,none,16319,1441,True,False,low,1,1-3y,0,4
INV0187,accurate,3,30,F,True,business_owner,bachelor,87048,low,150666,3428,False,True,high,3,3-5y,5,8
INV0188,underestimate,5,43,M,False,finance,phd,138568,none,158267,5253,True,True,high,3,3-5y,15,3
INV0189,accurate,2,32,M,False,finance,phd,183631,low,382033,10099,False,False,high,2,6m-1y,5,4
INV0190,underestimate,3,37,M,True,tech,bachelor,116798,low,183555,6049,True,True,high,1,<6m,0,4
INV0191,overestimate,2,46,F,True,creative,bachelor,55799,low,132532,2333,False,False,low,4,1-3y,20,7
INV0192,overestimate,3,70,M,True,healthcare,high_school,42730,low,105895,2773,False,False,medium,4,1-3y,20,1
INV0193,overestimate,3,42,M,True,tech,bachelor,106752,high,149217,4131,False,False,high,5,3-5y,15,3
INV0194,accurate,1,51,M,False,education,high_school,39315,none,84467,2641,False,False,low,1,<6m,5,12
INV0195,underestimate,4,50,F,True,tech,master,139896,low,46840,7497,False,False,high,3,3-5y,15,10
INV0196,accurate,2,39,M,True,service,phd,60141,none,28728,4014,False,False,low,2,6m-1y,5,14
INV0197,underestimate,4,28,F,False,creative,master,88404,none,200824,4999,True,False,low,2,<6m,5,5
INV0198,underestimate,3,32,F,False,service,phd,62224,none,26746,2764,False,False,medium,2,<6m,10,1
INV0199,underestimate,3,35,F,True,finance,master,133161,low,367606,4543,False,False,high,1,6m-1y,5,8
INV0200,accurate,2,53,M,True,education,master,73885,none,55291,2632,False,False,medium,2,6m-1y,10,2
INV0201,overestimate,4,38,F,True,service,phd,67462,high,47821,3456,False,False,low,5,1-3y,15,12
INV0202,underestimate,2,25,M,True,tech,bachelor,104250,none,222225,5792,True,False,medium,1,6m-1y,0,3
INV0203,accurate,3,26,M,False,service,master,48803,high,31025,3228,False,False,medium,3,3-5y,15,4
INV0204,underestimate,2,28,F,False,education,master,57661,none,105554,2682,False,False,medium,1,1-3y,0,6
INV0205,underestimate,3,56,F,True,service,bachelor,48518,low,117311,2706,False,False,medium,2,6m-1y,3,14
INV0206,underestimate,5,40,M,True,tech,bachelor,96985,none,82068,4639,True,False,high,3,6m-1y,5,14
INV0207,accurate,5,40,F,True,education,high_school,48462,high,122139,3256,False,False,low,5,5y+,15,11
INV0208,underestimate,2,40,M,True,other,master,82841,none,110325,4484,True,False,low,1,6m-1y,0,11
INV0209,overestimate,2,25,F,False,other,high_school,36582,none,16009,2066,True,False,medium,4,1-3y,20,3
INV0210,accurate,3,59,F,True,healthcare,bachelor,96683,none,237620,4434,False,False,medium,3,6m-1y,15,10
INV0211,accurate,5,46,F,True,tech,bachelor,130290,high,42984,7910,False,False,high,5,1-3y,20,9
INV0212,underestimate,3,43,F,True,business_owner,bachelor,97662,low,225026,3347,False,True,medium,1,6m-1y,0,3
INV0213,accurate,2,62,M,True,finance,bachelor,95736,high,91424,3519,False,False,high,2,6m-1y,5,1
INV0214,accurate,2,61,M,True,retired,bachelor,43586,low,108417,2155,False,False,low,2,<6m,10,2
INV0215,accurate,3,43,M,False,finance,master,146512,low,272986,4963,False,True,high,3,3-5y,5,3
INV0216,accurate,5,42,F,True,other,phd,87005,low,232767,3060,True,True,low,5,1-3y,15,4
INV0217,overestimate,3,40,F,False,government,master,71137,none,93165,4735,True,False,high,4,3-5y,15,14
INV0218,accurate,1,37,F,True,finance,bachelor,88785,none,214428,5986,False,True,high,1,6m-1y,3,6
INV0219,accurate,2,55,M,True,business_owner,bachelor,113679,high,275072,4956,False,False,medium,2,6m-1y,5,5
INV0220,accurate,1,58,M,False,education,master,84077,low,239915,3789,False,False,medium,1,6m-1y,3,0
INV0221,overestimate,3,30,M,True,service,master,58137,low,108142,2609,False,False,high,5,3-5y,20,4
INV0222,accurate,4,28,F,True,education,high_school,37533,high,34879,2229,False,False,low,4,3-5y,20,6
INV0223,underestimate,4,35,M,True,healthcare,master,102644,low,69141,7204,True,False,medium,3,1-3y,15,0
INV0224,underestimate,3,28,M,True,other,master,76256,low,196989,3284,True,False,low,2,<6m,10,4
INV0225,underestimate,4,26,F,False,healthcare,high_school,55450,none,72751,3140,False,False,medium,3,6m-1y,10,4
INV0226,accurate,4,50,F,False,retired,master,51678,none,90147,1795,False,False,high,4,1-3y,10,1
INV0227,accurate,2,34,M,True,finance,master,119630,high,36082,5368,True,False,high,2,6m-1y,3,7
INV0228,overestimate,3,54,F,True,service,bachelor,46177,high,53080,2706,False,False,low,4,1-3y,15,7
INV0229,accurate,3,65,M,False,finance,master,99616,none,236836,6812,False,True,high,3,1-3y,15,6
INV0230,underestimate,2,48,M,True,service,master,52291,high,32378,2530,False,False,medium,1,1-3y,5,5
INV0231,underestimate,4,65,M,True,tech,phd,163483,high,200266,9297,True,False,high,2,6m-1y,10,8
INV0232,underestimate,3,44,F,True,business_owner,bachelor,91169,high,189263,4968,False,True,high,2,6m-1y,5,14
INV0233,overestimate,4,36,M,True,retired,master,44598,none,37721,2398,True,False,low,5,3-5y,30,0
INV0234,underestimate,2,30,F,True,retired,bachelor,37354,none,27971,2528,False,False,high,1,6m-1y,3,8
INV0235,accurate,4,30,F,True,business_owner,master,108912,low,276564,4407,False,True,high,4,3-5y,20,8
INV0236,accurate,3,44,F,False,service,bachelor,33025,none,69984,1658,False,False,medium,3,1-3y,10,11
INV0237,accurate,2,35,M,True,healthcare,bachelor,90210,low,261399,4818,False,True,low,2,<6m,10,11
INV0238,underestimate,3,41,M,True,government,master,100121,high,185085,4620,False,False,low,1,6m-1y,0,3
INV0239,underestimate,4,26,F,False,finance,bachelor,83861,low,146374,4793,True,False,high,2,6m-1y,10,0
INV0240,underestimate,4,30,M,True,service,high_school,33486,high,53649,1188,True,False,medium,2,6m-1y,10,1
INV0241,overestimate,2,44,F,True,business_owner,bachelor,95369,none,235940,3843,True,False,high,4,1-3y,10,13
INV0242,underestimate,3,56,F,True,retired,high_school,20208,low,9505,919,False,False,medium,2,6m-1y,3,4
INV0243,overestimate,4,30,M,False,tech,bachelor,94556,none,41832,6109,True,False,medium,5,3-5y,20,6
INV0244,underestimate,2,33,M,True,tech,master,183488,high,483617,10250,False,False,high,1,<6m,0,2
INV0245,overestimate,3,41,M,True,education,bachelor,58170,none,135523,3915,False,False,medium,4,3-5y,15,1
INV0246,underestimate,3,36,F,True,retired,bachelor,30297,low,25596,2042,False,False,low,1,6m-1y,0,2
INV0247,underestimate,2,28,F,True,tech,bachelor,130298,low,238005,4445,True,False,medium,1,6m-1y,3,4
INV0248,underestimate,2,38,M,False,tech,bachelor,122567,none,244418,8330,False,False,high,1,<6m,0,14
INV0249,accurate,2,35,F,True,retired,high_school,31209,low,36851,1925,False,False,low,2,<6m,3,8
INV0250,underestimate,4,27,F,False,government,master,68303,none,167225,2475,False,True,low,2,<6m,10,5
INV0251,overestimate,3,49,F,True,retired,bachelor,36314,low,105677,2159,True,False,high,4,1-3y,10,8
INV0252,accurate,2,55,M,True,business_owner,master,131673,low,101956,6923,False,False,medium,2,<6m,10,2
INV0253,overestimate,2,29,F,True,creative,phd,68069,none,152830,2988,True,False,low,3,1-3y,10,7
INV0254,underestimate,2,44,F,True,other,bachelor,52741,high,127633,2722,False,False,high,1,1-3y,0,7
INV0255,accurate,5,48,F,False,healthcare,bachelor,87375,none,41287,3156,True,False,low,5,5y+,30,1
INV0256,overestimate,4,65,M,True,other,bachelor,40354,low,61130,2393,False,False,high,5,5y+,30,6
INV0257,underestimate,4,25,M,True,education,high_school,43659,none,113512,2793,True,False,low,2,6m-1y,5,0
INV0258,overestimate,2,31,M,True,tech,bachelor,116110,low,337974,6357,False,False,medium,4,3-5y,15,9
INV0259,underestimate,3,27,F,False,business_owner,master,142590,none,385040,5611,True,False,low,1,<6m,3,3
INV0260,overestimate,2,52,M,True,business_owner,bachelor,107384,low,33000,7002,False,False,medium,3,3-5y,5,6
INV0261,accurate,4,30,M,False,tech,high_school,74991,low,132806,2853,False,False,medium,4,5y+,20,0
INV0262,underestimate,2,37,M,True,creative,bachelor,51364,low,28096,3150,True,False,medium,1,6m-1y,0,5
INV0263,accurate,2,33,F,True,healthcare,master,111779,high,101488,6502,False,False,medium,2,6m-1y,3,7
INV0264,underestimate,2,29,M,False,healthcare,high_school,53793,none,151161,2044,False,False,medium,1,<6m,0,7
INV0265,underestimate,3,37,M,True,service,bachelor,48135,low,121498,1758,False,False,low,2,6m-1y,3,2
INV0266,accurate,2,41,M,True,government,master,102590,low,51628,3852,True,False,low,2,<6m,5,6
INV0267,overestimate,3,50,M,True,education,phd,76871,low,216223,2633,False,True,medium,4,1-3y,15,4
INV0268,underestimate,3,52,F,True,finance,high_school,55335,low,139864,3625,False,False,high,2,6m-1y,10,5
INV0269,overestimate,4,47,F,True,education,bachelor,47444,high,19331,2644,False,False,high,5,5y+,30,14
INV0270,underestimate,3,34,M,False,education,bachelor,61353,none,137796,3227,False,False,low,2,6m-1y,3,1
INV0271,underestimate,5,43,F,True,tech,bachelor,133072,low,165536,7411,False,False,medium,3,1-3y,10,2
INV0272,accurate,1,51,F,True,business_owner,bachelor,86785,low,101562,5421,True,False,high,1,6m-1y,5,1
INV0273,accurate,2,25,F,False,creative,high_school,35331,none,97868,1458,True,False,high,2,<6m,3,2
INV0274,accurate,2,56,M,False,other,high_school,28040,high,77013,992,False,False,high,2,1-3y,5,6
INV0275,accurate,2,38,F,True,education,high_school,36646,none,25228,1365,False,False,low,2,6m-1y,10,0
INV0276,accurate,4,29,M,True,finance,bachelor,78597,none,45387,3127,False,False,high,4,5y+,20,7
INV0277,overestimate,2,47,M,True,tech,master,179479,low,359445,8877,False,False,low,4,5y+,20,0
INV0278,overestimate,3,22,M,False,education,master,81530,none,125222,3009,False,False,medium,4,1-3y,20,0
INV0279,accurate,1,30,M,False,other,phd,78857,low,52559,5518,False,False,low,1,<6m,5,0
INV0280,underestimate,2,44,M,True,other,master,61148,none,27693,2314,False,False,low,1,<6m,3,1
INV0281,accurate,2,28,F,True,tech,bachelor,135241,low,183088,9026,False,True,high,2,<6m,3,6
INV0282,accurate,2,50,M,True,finance,phd,174675,high,244246,10816,True,False,high,2,6m-1y,10,7
INV0283,overestimate,3,32,F,True,finance,bachelor,96908,none,180364,5402,False,False,medium,4,3-5y,15,10
INV0284,accurate,3,62,F,True,creative,bachelor,57540,none,89338,2448,False,False,medium,3,3-5y,10,5
INV0285,underestimate,2,38,M,True,tech,bachelor,134922,high,380213,5131,False,False,high,1,<6m,5,10
INV0286,overestimate,3,53,F,True,retired,high_school,23653,low,70193,1133,False,False,high,5,1-3y,30,6
INV0287,accurate,2,33,M,False,retired,bachelor,45154,low,104010,1558,True,False,low,2,6m-1y,5,5
INV0288,overestimate,3,39,F,False,tech,phd,200106,low,168581,12711,False,False,medium,4,5y+,15,10
INV0289,overestimate,4,32,F,True,tech,bachelor,106792,high,292462,6417,False,True,high,5,1-3y,15,8
INV0290,accurate,3,66,M,True,government,bachelor,78120,high,229919,4074,False,True,medium,3,3-5y,5,7
INV0291,accurate,4,52,M,True,tech,high_school,85323,high,233592,5073,True,False,high,4,3-5y,15,8
INV0292,accurate,3,38,F,True,tech,high_school,79869,low,101318,4247,False,False,high,3,1-3y,10,4
INV0293,overestimate,2,42,M,True,business_owner,bachelor,76806,low,219900,3438,True,False,low,4,1-3y,15,14
INV0294,accurate,3,29,M,True,service,high_school,31696,low,51380,1396,False,False,low,3,6m-1y,15,4
INV0295,underestimate,4,33,F,True,finance,bachelor,79892,none,227545,5588,False,True,medium,3,1-3y,10,1
INV0296,underestimate,2,35,F,False,government,master,72465,none,152235,2960,False,False,low,1,1-3y,3,11
INV0297,accurate,2,59,F,True,business_owner,bachelor,100129,high,186778,5366,True,False,medium,2,6m-1y,5,11
INV0298,overestimate,3,50,F,True,healthcare,bachelor,81244,low,90756,4109,False,False,high,4,3-5y,15,0
INV0299,overestimate,1,27,F,True,service,master,49327,none,34193,2934,False,False,high,3,6m-1y,15,1
INV0300,overestimate,3,61,M,True,service,phd,62510,low,151908,3681,False,True,medium,5,1-3y,30,3
INV0301,overestimate,2,30,M,True,government,high_school,58830,high,79634,3237,False,False,medium,4,1-3y,15,2
INV0302,accurate,1,30,F,True,healthcare,high_school,46922,none,25659,2543,False,False,low,1,6m-1y,3,8
INV0303,accurate,3,27,F,True,other,master,68278,high,38434,3051,False,False,medium,3,1-3y,15,5
INV0304,underestimate,2,57,M,False,business_owner,high_school,62494,none,42643,2323,False,False,medium,1,1-3y,0,9
INV0305,underestimate,3,49,M,True,healthcare,bachelor,89171,low,133439,4230,False,False,high,2,6m-1y,3,14
INV0306,underestimate,3,45,M,True,business_owner,bachelor,88174,none,72480,6082,False,False,high,1,<6m,0,11
INV0307,accurate,1,52,F,True,tech,master,159833,high,404085,10531,False,True,high,1,6m-1y,0,9
INV0308,accurate,5,38,F,True,tech,bachelor,101213,low,154831,5583,False,False,low,5,3-5y,30,14
INV0309,underestimate,3,43,F,True,tech,high_school,88171,low,238816,5362,False,True,medium,2,6m-1y,5,6
INV0310,underestimate,3,34,M,False,creative,master,64475,low,29746,4297,False,False,medium,1,<6m,0,5
INV0311,accurate,3,52,F,True,education,master,62108,low,117025,2309,False,False,high,3,6m-1y,10,7
INV0312,accurate,3,46,M,False,retired,master,52635,none,109133,2145,True,False,high,3,6m-1y,15,1
INV0313,overestimate,4,62,M,True,healthcare,high_school,51116,low,110024,3522,False,False,medium,5,1-3y,30,3
INV0314,overestimate,2,41,F,True,government,bachelor,76362,high,152774,3575,False,True,low,4,1-3y,10,7
INV0315,underestimate,5,38,F,True,tech,bachelor,140962,low,416563,9144,True,True,high,3,1-3y,15,3
INV0316,accurate,3,31,F,False,other,high_school,31949,none,77951,1288,True,False,medium,3,6m-1y,5,0
INV0317,overestimate,3,30,F,False,business_owner,high_school,72908,low,212927,3958,False,True,low,4,1-3y,15,8
INV0318,underestimate,3,52,F,True,tech,master,182695,low,214395,7349,False,False,high,1,<6m,3,3
INV0319,accurate,1,68,F,True,healthcare,phd,118296,high,326972,7819,False,False,medium,1,<6m,3,0
INV0320,accurate,4,51,M,True,education,phd,89990,low,171904,4234,False,True,low,4,5y+,15,9
INV0321,underestimate,3,46,M,True,government,bachelor,58528,low,100442,3381,False,False,high,1,6m-1y,3,0
INV0322,overestimate,3,41,F,True,other,bachelor,42135,low,98686,2659,False,False,low,4,5y+,10,2
INV0323,underestimate,5,36,M,True,business_owner,high_school,52465,high,95026,2455,False,False,medium,3,1-3y,5,4
INV0324,overestimate,3,31,M,True,retired,bachelor,32431,low,55926,1878,True,False,low,4,3-5y,20,2
INV0325,underestimate,4,37,M,True,business_owner,master,114593,low,152719,5128,True,False,low,2,1-3y,5,10
INV0326,accurate,1,48,F,False,healthcare,high_school,53491,none,58103,3332,True,False,medium,1,6m-1y,3,2
INV0327,underestimate,4,22,M,False,finance,master,142568,none,384796,7114,True,True,high,3,3-5y,15,0
INV0328,accurate,5,42,M,True,tech,bachelor,134027,low,401794,5909,False,False,low,5,3-5y,15,5
INV0329,underestimate,3,40,F,True,government,master,74229,none,84942,4111,True,False,medium,2,6m-1y,10,0
INV0330,overestimate,3,56,M,True,education,bachelor,51853,high,59355,1919,False,False,medium,4,3-5y,20,12
INV0331,underestimate,4,29,M,True,creative,master,75385,none,131604,5158,False,False,medium,2,1-3y,10,5
INV0332,underestimate,4,36,F,True,business_owner,phd,169027,none,218031,9558,True,True,medium,2,6m-1y,10,4
INV0333,underestimate,5,58,M,True,creative,bachelor,46949,low,107315,3311,False,False,low,3,6m-1y,10,6
INV0334,underestimate,2,66,M,True,government,bachelor,79817,low,65503,3232,False,False,low,1,6m-1y,5,11
INV0335,underestimate,2,39,F,True,business_owner,master,137819,low,82886,5190,False,False,medium,1,<6m,3,1
INV0336,underestimate,5,58,M,True,other,bachelor,45383,low,34783,2158,False,False,low,3,6m-1y,10,7
INV0337,overestimate,2,32,F,False,creative,bachelor,48370,none,72717,1701,False,False,medium,4,5y+,20,1
INV0338,accurate,2,31,F,True,service,bachelor,40935,none,102844,1916,False,False,low,2,6m-1y,10,4
INV0339,accurate,4,47,F,False,healthcare,high_school,43985,none,89513,2867,False,False,medium,4,5y+,20,12
INV0340,underestimate,3,57,M,True,business_owner,high_school,51378,high,48805,2174,True,False,high,2,6m-1y,3,13
INV0341,underestimate,4,47,M,True,service,high_school,31862,low,10891,1261,False,False,medium,3,6m-1y,10,6
INV0342,accurate,5,54,F,True,tech,phd,163637,none,343656,7199,False,True,high,5,5y+,20,11
INV0343,overestimate,3,24,F,True,creative,master,85631,none,129169,5517,False,False,medium,4,5y+,20,2
INV0344,overestimate,1,46,F,True,government,high_school,47719,none,37883,2243,False,False,high,3,6m-1y,10,3
INV0345,underestimate,2,36,M,True,tech,bachelor,116828,low,47027,8251,False,False,high,1,<6m,5,11
INV0346,underestimate,4,70,F,True,education,bachelor,62262,low,181648,3765,True,False,low,2,1-3y,5,10
INV0347,overestimate,1,41,F,True,business_owner,high_school,59161,low,168717,2599,False,True,high,3,6m-1y,15,6
INV0348,overestimate,1,42,M,True,government,master,88963,none,100237,5152,True,False,high,3,1-3y,10,4
INV0349,accurate,2,44,F,True,tech,master,147165,low,140213,7571,False,False,high,2,<6m,5,2
INV0350,accurate,3,68,M,True,business_owner,bachelor,93211,none,64438,3997,False,False,medium,3,6m-1y,5,10
INV0351,accurate,5,65,M,True,business_owner,high_school,79820,none,78420,3877,False,False,high,5,5y+,15,9
INV0352,overestimate,3,27,M,True,other,bachelor,53518,high,52928,3506,False,False,high,4,3-5y,15,0
INV0353,underestimate,2,59,F,True,service,phd,51592,low,55109,1810,False,False,medium,1,6m-1y,5,14
INV0354,accurate,3,68,F,False,service,bachelor,48340,none,57151,2961,True,False,medium,3,1-3y,10,10
INV0355,overestimate,3,59,M,True,service,bachelor,43406,none,29487,2460,True,False,high,5,3-5y,20,13
INV0356,underestimate,4,43,F,True,education,phd,99066,low,108070,4689,False,False,high,3,3-5y,10,11
INV0357,accurate,3,26,F,True,creative,bachelor,70095,none,121729,3604,False,False,high,3,1-3y,10,4
INV0358,overestimate,3,25,M,False,service,phd,53851,high,36896,2823,False,False,medium,4,3-5y,15,3
INV0359,accurate,3,39,M,True,service,phd,76373,none,203418,4563,False,True,low,3,6m-1y,5,4
INV0360,underestimate,4,33,M,True,education,high_school,37783,low,81054,2228,False,False,high,2,<6m,10,5
INV0361,underestimate,3,24,F,False,education,high_school,33928,low,73022,1448,True,False,low,2,6m-1y,5,2
INV0362,accurate,2,37,M,True,education,master,88086,low,72323,3319,False,False,medium,2,6m-1y,5,14
INV0363,accurate,4,46,M,True,finance,bachelor,77094,high,66987,3227,False,False,high,4,3-5y,20,12
INV0364,underestimate,2,29,F,True,retired,bachelor,39847,low,22066,1762,False,False,low,1,<6m,5,3
INV0365,underestimate,2,45,F,True,service,high_school,34591,low,47572,1797,False,False,medium,1,<6m,3,9
INV0366,underestimate,3,55,F,False,other,master,74534,none,77039,3079,False,False,high,1,6m-1y,5,0
INV0367,accurate,3,37,M,True,other,master,84353,none,51009,4739,False,False,medium,3,3-5y,10,3
INV0368,accurate,2,53,F,True,service,bachelor,37444,low,95745,1456,False,False,high,2,6m-1y,3,4
INV0369,accurate,3,29,M,False,education,master,82365,high,115648,4790,False,False,low,3,1-3y,15,7
INV0370,overestimate,2,34,M,True,education,master,67024,high,37128,4625,False,False,medium,3,1-3y,15,0
INV0371,underestimate,5,22,M,False,creative,bachelor,64093,none,32064,2597,False,False,high,3,3-5y,15,0
INV0372,overestimate,1,53,M,False,service,master,61660,low,152640,3448,False,True,medium,3,6m-1y,5,5
INV0373,accurate,3,50,M,True,healthcare,high_school,52660,none,97820,1836,False,False,high,3,6m-1y,5,13
INV0374,accurate,4,34,M,True,finance,master,130574,low,151843,7250,True,False,high,4,5y+,10,5
INV0375,accurate,5,49,F,True,education,master,58324,high,149111,2852,False,False,low,5,5y+,15,12
INV0376,underestimate,4,63,M,True,business_owner,master,122805,low,93008,6952,False,False,low,3,1-3y,10,12
INV0377,overestimate,3,32,F,False,government,bachelor,53597,none,96275,3318,False,False,low,4,1-3y,15,10
INV0378,underestimate,3,45,M,True,finance,high_school,72053,high,32274,3540,False,False,high,2,<6m,3,2
INV0379,underestimate,4,46,M,True,finance,master,117401,low,225229,4667,False,False,medium,2,1-3y,5,0
INV0380,underestimate,3,42,M,True,government,phd,120251,high,207451,7561,False,True,medium,2,<6m,3,6
INV0381,underestimate,3,40,M,True,retired,high_school,31173,low,38131,2119,True,False,medium,1,6m-1y,5,0
INV0382,overestimate,2,29,M,False,healthcare,master,93519,none,278211,3985,False,True,low,3,1-3y,10,7
INV0383,underestimate,3,42,M,True,healthcare,master,100017,high,284954,4593,False,False,medium,1,<6m,0,3
INV0384,accurate,4,42,M,True,healthcare,master,107958,high,176385,4078,True,False,low,4,3-5y,15,8
INV0385,overestimate,1,36,M,True,government,bachelor,64176,none,93770,4508,False,False,high,3,3-5y,10,1
INV0386,underestimate,4,25,M,False,business_owner,master,99722,low,86471,4797,False,False,low,2,6m-1y,10,3
INV0387,accurate,3,60,F,True,education,master,58778,high,38320,3713,False,False,high,3,3-5y,10,14
INV0388,underestimate,3,39,F,True,healthcare,phd,92112,low,105753,5258,True,False,high,1,6m-1y,3,4
INV0389,underestimate,3,43,M,True,education,bachelor,68784,none,91469,2656,False,False,high,2,<6m,5,13
INV0390,underestimate,4,60,F,True,service,bachelor,37224,high,101410,1420,True,False,low,2,1-3y,3,13
INV0391,overestimate,1,63,F,True,creative,bachelor,49802,high,44485,2479,False,False,high,3,6m-1y,10,14
INV0392,overestimate,3,44,M,True,creative,master,68049,low,202503,2528,False,False,low,4,5y+,15,3
INV0393,overestimate,3,39,F,True,retired,bachelor,42731,high,60180,1793,False,False,low,5,1-3y,30,4
INV0394,accurate,4,53,M,False,business_owner,high_school,64793,high,174760,2408,False,True,low,4,1-3y,15,14
INV0395,accurate,4,36,M,True,business_owner,bachelor,100429,low,287364,3986,False,False,low,4,1-3y,10,10
INV0396,overestimate,3,32,F,False,business_owner,phd,172222,none,413287,10512,False,False,high,4,5y+,20,2
INV0397,overestimate,3,62,M,True,healthcare,bachelor,90608,high,122311,3181,False,False,high,4,3-5y,10,6
INV0398,accurate,1,34,F,True,service,bachelor,47877,high,102156,3364,True,False,low,1,1-3y,5,12
INV0399,accurate,3,35,F,True,healthcare,phd,120317,low,75165,7184,False,False,medium,3,6m-1y,10,5
INV0400,accurate,3,30,F,True,creative,bachelor,67923,none,144697,3721,False,False,medium,3,1-3y,10,8
INV0401,accurate,1,55,F,True,education,bachelor,51924,low,117991,1809,True,False,low,1,<6m,0,6
INV0402,accurate,1,34,M,True,creative,high_school,35241,low,82671,1944,False,False,medium,1,1-3y,0,10
INV0403,overestimate,2,38,F,False,other,phd,93679,low,120929,3495,False,False,low,4,1-3y,15,14
INV0404,accurate,1,28,F,True,finance,bachelor,113855,low,63949,6134,False,False,medium,1,<6m,0,4
INV0405,overestimate,2,35,F,True,healthcare,master,117146,high,99743,4990,False,False,low,3,6m-1y,15,7
INV0406,overestimate,3,43,F,True,service,high_school,33816,low,22357,2250,False,False,medium,4,1-3y,15,9
INV0407,accurate,5,57,M,True,tech,bachelor,141319,high,69454,5714,False,False,high,5,3-5y,15,11
INV0408,accurate,4,27,F,False,other,master,77793,low,230422,4460,False,True,low,4,5y+,15,5
INV0409,accurate,2,37,M,False,tech,phd,203299,none,469578,11499,False,False,medium,2,<6m,5,1
INV0410,accurate,2,25,M,False,tech,master,176746,none,261233,12269,False,False,medium,2,<6m,3,0
INV0411,underestimate,3,31,M,True,service,bachelor,47797,low,28934,1873,False,False,medium,2,<6m,5,9
INV0412,underestimate,4,43,M,False,business_owner,master,134730,none,211526,9322,False,True,medium,2,6m-1y,10,2
INV0413,accurate,4,43,M,True,finance,high_school,61230,low,81184,3070,False,False,high,4,5y+,20,14
INV0414,overestimate,1,39,F,False,healthcare,master,91081,low,27712,6012,True,False,medium,3,3-5y,5,5
INV0415,underestimate,4,32,M,False,healthcare,high_school,60089,none,157337,2267,False,True,medium,2,1-3y,3,7
INV0416,accurate,5,47,F,True,government,phd,82928,low,161764,5762,True,False,low,5,5y+,20,11
INV0417,accurate,3,39,M,True,education,high_school,33432,high,11657,2285,True,False,low,3,3-5y,15,12
INV0418,underestimate,4,33,M,True,education,phd,72326,high,21777,4027,False,False,high,3,3-5y,10,11
INV0419,underestimate,4,35,M,True,service,master,44402,low,96958,2362,False,False,medium,3,1-3y,10,4
INV0420,overestimate,3,39,F,True,creative,master,80764,low,136233,5124,False,False,low,5,3-5y,20,11
INV0421,underestimate,2,32,M,False,healthcare,phd,128466,low,140079,4663,False,False,medium,1,<6m,0,4
INV0422,overestimate,3,29,M,True,education,master,88839,low,137840,4528,False,False,high,4,1-3y,10,7
INV0423,overestimate,4,26,M,False,tech,bachelor,129404,low,346074,6680,False,False,high,5,5y+,30,4
INV0424,underestimate,3,27,M,True,other,high_school,36794,low,13064,2060,False,False,low,2,<6m,5,5
INV0425,overestimate,2,65,M,False,education,bachelor,55498,none,99586,2883,False,False,medium,4,5y+,15,6
INV0426,underestimate,5,61,M,False,business_owner,phd,108553,low,305470,7530,True,False,low,3,6m-1y,5,6
INV0427,accurate,3,48,M,True,tech,master,126997,low,153626,7021,False,False,high,3,6m-1y,10,4
INV0428,underestimate,4,26,F,False,healthcare,bachelor,83531,low,171238,5128,False,True,low,2,<6m,5,4
INV0429,accurate,2,47,F,True,education,master,65067,low,171611,3936,False,False,medium,2,<6m,5,7
INV0430,overestimate,2,38,M,True,education,high_school,36231,low,82679,1249,False,False,low,3,1-3y,5,3
INV0431,accurate,3,31,M,True,business_owner,high_school,71548,low,195063,2826,False,True,low,3,3-5y,5,9
INV0432,underestimate,3,34,M,True,service,bachelor,48239,low,35773,2396,False,False,medium,2,6m-1y,3,6
INV0433,accurate,3,36,M,True,tech,bachelor,129998,low,207752,9169,False,True,medium,3,6m-1y,5,5
INV0434,overestimate,3,33,M,False,education,bachelor,50512,low,56271,3517,False,False,low,4,3-5y,20,5
INV0435,underestimate,4,65,M,True,government,phd,80396,low,209415,3409,False,False,low,2,6m-1y,5,1
INV0436,accurate,2,37,F,True,government,high_school,46733,low,119450,2931,False,False,medium,2,6m-1y,5,10
INV0437,accurate,3,22,F,True,tech,bachelor,108546,none,204047,5421,True,False,high,3,1-3y,10,0
INV0438,accurate,3,39,M,True,education,bachelor,46065,high,59226,3111,False,False,medium,3,3-5y,5,3
INV0439,underestimate,4,25,F,True,service,high_school,36045,low,82343,1350,False,False,medium,3,1-3y,5,3
INV0440,accurate,2,31,M,False,government,bachelor,54860,low,74116,2473,False,False,low,2,1-3y,3,9
INV0441,underestimate,3,32,M,True,service,master,64353,none,116951,2662,False,False,low,2,<6m,5,5
INV0442,overestimate,3,26,M,False,education,high_school,39069,none,46398,2357,False,False,low,5,3-5y,30,4
INV0443,accurate,2,40,M,True,creative,bachelor,61185,none,175586,3853,False,True,low,2,6m-1y,5,4
INV0444,underestimate,4,27,F,False,healthcare,master,122579,none,291774,6921,False,False,low,3,1-3y,10,5
INV0445,accurate,1,37,M,True,education,master,73440,high,43338,4778,False,False,high,1,6m-1y,0,9
INV0446,overestimate,1,37,F,False,education,high_school,46965,high,51193,2195,False,False,low,3,3-5y,10,6
INV0447,underestimate,5,40,M,True,retired,master,46020,low,59779,2812,False,False,low,3,3-5y,10,6
INV0448,accurate,5,58,F,True,healthcare,high_school,44679,low,118815,1690,False,False,low,5,3-5y,15,8
INV0449,overestimate,3,33,M,False,finance,master,157048,none,276102,7950,False,False,high,4,1-3y,20,11
INV0450,accurate,2,49,F,True,other,bachelor,53378,high,113906,2284,False,False,medium,2,6m-1y,5,10
INV0451,accurate,3,50,M,True,healthcare,bachelor,80406,low,132052,3086,False,False,low,3,6m-1y,10,12
INV0452,underestimate,2,34,M,True,education,bachelor,53584,none,54544,2667,True,False,low,1,<6m,3,12
INV0453,accurate,3,27,F,False,creative,master,57201,high,142908,3845,True,False,high,3,6m-1y,5,3
INV0454,underestimate,3,59,M,False,business_owner,bachelor,79288,low,222194,3759,True,True,low,2,<6m,10,0
INV0455,overestimate,2,43,M,True,retired,phd,52568,high,70265,3204,False,False,high,3,3-5y,10,2
INV0456,underestimate,2,23,F,False,tech,bachelor,112638,none,115478,6011,False,False,high,1,6m-1y,0,1
INV0457,overestimate,4,38,M,True,government,master,69490,low,73406,2696,False,False,medium,5,1-3y,30,9
INV0458,underestimate,3,61,M,False,service,phd,73227,low,142435,3724,False,False,medium,2,6m-1y,10,1
INV0459,overestimate,2,27,M,True,service,bachelor,46960,none,46092,2853,True,False,low,4,3-5y,20,5
INV0460,underestimate,3,35,M,True,business_owner,phd,139209,none,409120,9044,True,True,medium,2,6m-1y,3,13
INV0461,underestimate,3,38,F,True,service,master,43115,high,100522,2833,False,False,low,1,<6m,0,2
INV0462,underestimate,2,47,M,False,healthcare,high_school,49477,none,85822,3143,False,False,high,1,1-3y,0,11
INV0463,underestimate,3,33,M,True,government,bachelor,69383,high,191754,3004,False,True,medium,2,6m-1y,10,4
INV0464,accurate,3,36,M,False,tech,bachelor,88692,none,97752,3136,False,False,medium,3,3-5y,5,11
INV0465,accurate,5,41,M,False,business_owner,bachelor,90074,high,216033,3966,False,False,low,5,3-5y,30,1
INV0466,accurate,2,29,M,True,healthcare,master,81388,high,27553,4548,False,False,low,2,6m-1y,3,1
INV0467,underestimate,3,35,F,True,education,master,57903,high,93510,3695,False,False,medium,1,<6m,3,2
INV0468,accurate,2,45,M,True,healthcare,master,110711,none,35540,6816,True,False,low,2,<6m,5,14
INV0469,overestimate,2,45,M,True,healthcare,phd,102078,low,233477,5534,False,False,low,3,1-3y,5,5
INV0470,underestimate,4,30,M,False,education,bachelor,50989,none,148299,3290,False,False,medium,3,3-5y,15,8
INV0471,accurate,2,37,M,True,service,high_school,30704,none,37890,1424,False,False,low,2,6m-1y,10,1
INV0472,overestimate,2,33,F,True,government,bachelor,68482,high,183576,4436,False,False,medium,4,5y+,10,11
INV0473,underestimate,3,25,M,False,creative,master,59018,none,61408,3179,True,False,low,2,6m-1y,10,3
INV0474,overestimate,2,50,F,True,other,high_school,28963,none,79808,1530,False,False,low,4,5y+,15,5
INV0475,accurate,2,61,M,False,retired,master,57756,low,47026,2882,True,False,medium,2,<6m,10,8
INV0476,overestimate,2,48,M,True,education,high_school,48824,none,72357,1667,False,False,medium,3,6m-1y,15,0
INV0477,accurate,1,40,F,True,creative,phd,81401,high,226061,5554,False,False,low,1,<6m,3,3
INV0478,accurate,1,38,F,True,finance,bachelor,103548,high,50285,5421,False,False,high,1,1-3y,0,6
INV0479,accurate,2,23,M,True,creative,bachelor,65097,none,177756,3446,True,False,high,2,6m-1y,5,1
INV0480,underestimate,3,34,F,True,retired,bachelor,31962,low,52638,1323,False,False,medium,2,6m-1y,3,3
INV0481,underestimate,3,42,M,True,education,master,68410,high,99681,4144,False,False,low,2,<6m,5,8
INV0482,underestimate,4,33,M,False,education,high_school,40268,low,36178,1749,True,False,low,2,<6m,5,0
INV0483,accurate,3,25,F,False,business_owner,master,109474,none,234224,5838,False,False,medium,3,1-3y,15,3
INV0484,underestimate,2,26,M,False,tech,bachelor,116457,none,118119,6126,False,False,high,1,<6m,3,0
INV0485,accurate,3,33,M,False,tech,bachelor,124376,none,65253,5514,False,False,high,3,1-3y,15,6
INV0486,underestimate,3,39,F,True,business_owner,master,132284,low,359496,5215,False,False,low,2,<6m,10,13
INV0487,overestimate,2,53,F,True,government,high_school,37388,high,64472,2278,False,False,medium,3,1-3y,10,14
INV0488,accurate,2,47,M,True,finance,phd,126439,low,214372,5463,True,True,high,2,6m-1y,5,12
INV0489,accurate,1,30,F,True,education,high_school,41435,low,34844,2920,False,False,medium,1,6m-1y,3,1
INV0490,overestimate,3,28,F,False,healthcare,master,78011,none,29811,3560,False,False,high,4,1-3y,15,5
INV0491,underestimate,2,24,M,False,finance,bachelor,106740,low,255779,4804,False,True,low,1,6m-1y,3,1
INV0492,overestimate,4,23,F,False,education,bachelor,51419,none,76532,2702,False,False,medium,5,3-5y,30,1
INV0493,underestimate,2,52,F,True,education,master,78639,none,88081,3614,False,False,high,1,<6m,0,10
INV0494,underestimate,4,43,M,False,retired,bachelor,33683,none,13144,2153,False,False,high,2,1-3y,10,13
INV0495,underestimate,4,50,M,False,service,phd,57512,high,74477,2033,False,False,medium,3,1-3y,5,5
INV0496,underestimate,4,29,M,False,tech,master,125278,high,339572,7247,False,False,high,2,1-3y,5,0
INV0497,accurate,5,70,M,True,government,bachelor,55789,low,20569,3204,False,False,medium,5,3-5y,20,12
INV0498,accurate,5,33,M,True,government,bachelor,56814,high,121540,3496,False,False,high,5,1-3y,20,11
INV0499,overestimate,2,42,M,False,tech,bachelor,127544,low,181561,4332,False,False,medium,3,1-3y,10,13
INV0500,underestimate,3,31,M,False,government,phd,94465,low,85115,4074,False,False,medium,2,<6m,5,2
